set,kind,pair,color_a,color_b,dE_normal,dE_sim_before,dE_sim_V9,dE_natural_V9,dE_sim_V8,dE_natural_V8
protan,block,0,"(np.int64(0), np.int64(149), np.int64(106))","(np.int64(255), np.int64(106), np.int64(106))",65.82,1.13,54.53,33.58,64.36,39.19
protan,plate,0,"(np.int64(0), np.int64(149), np.int64(106))","(np.int64(255), np.int64(106), np.int64(106))",63.26,1.00,48.25,28.52,53.21,31.10
protan,block,1,"(np.int64(0), np.int64(85), np.int64(64))","(np.int64(212), np.int64(0), np.int64(64))",62.13,0.84,60.94,33.59,53.33,32.45
protan,plate,1,"(np.int64(0), np.int64(85), np.int64(64))","(np.int64(212), np.int64(0), np.int64(64))",59.73,0.80,42.85,25.00,41.91,23.40
protan,block,2,"(np.int64(0), np.int64(170), np.int64(191))","(np.int64(255), np.int64(149), np.int64(191))",59.07,2.98,51.94,30.22,59.66,36.16
protan,plate,2,"(np.int64(0), np.int64(170), np.int64(191))","(np.int64(255), np.int64(149), np.int64(191))",56.26,3.04,46.33,25.40,48.64,26.80
protan,block,3,"(np.int64(0), np.int64(64), np.int64(0))","(np.int64(170), np.int64(0), np.int64(0))",57.63,1.58,32.58,23.60,25.94,15.04
protan,plate,3,"(np.int64(0), np.int64(64), np.int64(0))","(np.int64(170), np.int64(0), np.int64(0))",55.69,1.12,19.72,12.04,20.73,11.91
protan,block,4,"(np.int64(0), np.int64(106), np.int64(149))","(np.int64(255), np.int64(0), np.int64(149))",55.23,0.14,59.53,29.97,62.97,31.02
protan,plate,4,"(np.int64(0), np.int64(106), np.int64(149))","(np.int64(255), np.int64(0), np.int64(149))",53.06,0.26,53.79,23.64,50.22,21.02
protan,block,5,"(np.int64(0), np.int64(191), np.int64(170))","(np.int64(255), np.int64(170), np.int64(170))",54.09,1.63,48.48,28.83,57.29,34.24
protan,plate,5,"(np.int64(0), np.int64(191), np.int64(170))","(np.int64(255), np.int64(170), np.int64(170))",52.26,1.74,44.36,25.48,49.51,28.50
protan,block,6,"(np.int64(0), np.int64(212), np.int64(255))","(np.int64(255), np.int64(191), np.int64(255))",48.68,0.23,29.65,20.09,38.09,24.84
protan,plate,6,"(np.int64(0), np.int64(212), np.int64(255))","(np.int64(255), np.int64(191), np.int64(255))",46.57,0.59,26.33,17.43,29.87,19.72
protan,block,7,"(np.int64(0), np.int64(64), np.int64(85))","(np.int64(170), np.int64(0), np.int64(85))",45.73,1.91,50.93,24.35,50.99,27.17
protan,plate,7,"(np.int64(0), np.int64(64), np.int64(85))","(np.int64(170), np.int64(0), np.int64(85))",43.77,1.51,43.57,20.77,41.15,19.09
deutan,block,0,"(np.int64(0), np.int64(170), np.int64(85))","(np.int64(255), np.int64(0), np.int64(106))",84.48,1.86,45.92,34.17,57.63,37.43
deutan,plate,0,"(np.int64(0), np.int64(170), np.int64(85))","(np.int64(255), np.int64(0), np.int64(106))",81.45,1.90,39.82,25.56,39.60,22.96
deutan,block,1,"(np.int64(0), np.int64(212), np.int64(170))","(np.int64(255), np.int64(128), np.int64(170))",72.50,1.44,39.12,30.89,59.12,41.09
deutan,plate,1,"(np.int64(0), np.int64(212), np.int64(170))","(np.int64(255), np.int64(128), np.int64(170))",69.36,1.12,43.34,25.50,46.28,28.92
deutan,block,2,"(np.int64(0), np.int64(85), np.int64(42))","(np.int64(128), np.int64(0), np.int64(42))",59.28,2.01,32.30,22.29,45.88,33.65
deutan,plate,2,"(np.int64(0), np.int64(85), np.int64(42))","(np.int64(128), np.int64(0), np.int64(42))",56.92,1.87,28.49,18.22,31.13,20.48
deutan,block,3,"(np.int64(128), np.int64(191), np.int64(85))","(np.int64(255), np.int64(128), np.int64(106))",57.00,1.76,13.75,15.98,15.92,18.68
deutan,plate,3,"(np.int64(128), np.int64(191), np.int64(85))","(np.int64(255), np.int64(128), np.int64(106))",54.78,1.68,13.44,14.37,12.92,13.51
deutan,block,4,"(np.int64(0), np.int64(170), np.int64(149))","(np.int64(212), np.int64(85), np.int64(149))",55.65,2.01,49.84,30.27,57.90,41.12
deutan,plate,4,"(np.int64(0), np.int64(170), np.int64(149))","(np.int64(212), np.int64(85), np.int64(149))",53.76,1.92,42.40,24.82,43.53,27.16
deutan,block,5,"(np.int64(0), np.int64(212), np.int64(255))","(np.int64(255), np.int64(149), np.int64(255))",51.67,2.44,31.04,19.43,43.90,27.42
deutan,plate,5,"(np.int64(0), np.int64(212), np.int64(255))","(np.int64(255), np.int64(149), np.int64(255))",49.58,2.54,28.79,17.31,28.75,17.93
deutan,block,6,"(np.int64(106), np.int64(128), np.int64(85))","(np.int64(191), np.int64(42), np.int64(85))",50.95,2.72,18.09,20.54,16.24,21.74
deutan,plate,6,"(np.int64(106), np.int64(128), np.int64(85))","(np.int64(191), np.int64(42), np.int64(85))",48.67,2.18,14.50,17.78,14.74,16.40
deutan,block,7,"(np.int64(0), np.int64(128), np.int64(170))","(np.int64(191), np.int64(0), np.int64(170))",47.89,0.89,52.31,22.68,41.62,18.87
deutan,plate,7,"(np.int64(0), np.int64(128), np.int64(170))","(np.int64(191), np.int64(0), np.int64(170))",45.59,0.79,39.78,17.15,22.94,12.18
tritan (Brettel),block,0,"(np.int64(128), np.int64(170), np.int64(0))","(np.int64(170), np.int64(149), np.int64(255))",73.14,2.75,38.04,20.36,51.33,41.91
tritan (Brettel),plate,0,"(np.int64(128), np.int64(170), np.int64(0))","(np.int64(170), np.int64(149), np.int64(255))",70.60,2.91,36.31,17.04,43.58,25.98
tritan (Brettel),block,1,"(np.int64(234), np.int64(191), np.int64(0))","(np.int64(255), np.int64(149), np.int64(255))",66.77,2.96,19.57,19.43,24.61,28.19
tritan (Brettel),plate,1,"(np.int64(234), np.int64(191), np.int64(0))","(np.int64(255), np.int64(149), np.int64(255))",64.58,2.64,18.44,16.96,21.42,22.03
tritan (Brettel),block,2,"(np.int64(128), np.int64(128), np.int64(0))","(np.int64(149), np.int64(106), np.int64(191))",62.41,1.94,29.20,18.86,36.07,33.04
tritan (Brettel),plate,2,"(np.int64(128), np.int64(128), np.int64(0))","(np.int64(149), np.int64(106), np.int64(191))",60.07,1.93,24.74,15.30,30.87,23.94
tritan (Brettel),block,3,"(np.int64(21), np.int64(42), np.int64(0))","(np.int64(64), np.int64(0), np.int64(128))",60.34,2.61,11.62,13.18,26.58,26.44
tritan (Brettel),plate,3,"(np.int64(21), np.int64(42), np.int64(0))","(np.int64(64), np.int64(0), np.int64(128))",58.02,2.30,8.53,9.18,15.21,16.40
tritan (Brettel),block,4,"(np.int64(85), np.int64(85), np.int64(0))","(np.int64(106), np.int64(64), np.int64(149))",58.14,1.09,21.52,15.04,30.68,27.80
tritan (Brettel),plate,4,"(np.int64(85), np.int64(85), np.int64(0))","(np.int64(106), np.int64(64), np.int64(149))",56.13,1.05,18.37,12.37,25.33,20.30
tritan (Brettel),block,5,"(np.int64(0), np.int64(191), np.int64(42))","(np.int64(85), np.int64(170), np.int64(255))",57.20,2.93,29.54,16.00,40.64,35.28
tritan (Brettel),plate,5,"(np.int64(0), np.int64(191), np.int64(42))","(np.int64(85), np.int64(170), np.int64(255))",55.70,2.88,20.64,10.84,29.72,21.51
tritan (Brettel),block,6,"(np.int64(191), np.int64(212), np.int64(106))","(np.int64(212), np.int64(191), np.int64(255))",56.69,0.51,25.13,14.63,32.82,34.04
tritan (Brettel),plate,6,"(np.int64(191), np.int64(212), np.int64(106))","(np.int64(212), np.int64(191), np.int64(255))",54.34,0.40,21.67,12.06,24.98,20.35
tritan (Brettel),block,7,"(np.int64(170), np.int64(128), np.int64(0))","(np.int64(191), np.int64(106), np.int64(170))",52.57,2.26,18.91,15.80,21.67,21.53
tritan (Brettel),plate,7,"(np.int64(170), np.int64(128), np.int64(0))","(np.int64(191), np.int64(106), np.int64(170))",50.69,2.16,16.76,13.61,19.41,17.79
